Unnamed: 0,Name,Date & Time,Location,Type,Region,Latitude,Longitude
0,The Cookers,Now through 2/21/2024,Dimitriou's Jazz Alley,Music,Downtown,47.6148163,-122.339691
1,A I M by Kyle Abraham,2/21/2024,The Moore Theatre,Dance,Downtown,,
2,Cesar Cuauhtemoc Garcia Hernandez,2/21/2024,Town Hall Seattle,Readings & Lectures,Downtown,47.6090191,-122.32993774092222
3,Side-by-Side with Seattle Youth Symphony Orchestra,2/21/2024,Benaroya Hall,Music,Downtown,47.60811665,-122.33697040702705
4,Bailen,2/22/2024,The Crocodile,Music,Downtown,47.6146474,-122.3490734
5,Dr. Charan Ranganath,2/22/2024,Town Hall Seattle,Readings & Lectures,Downtown,47.6090191,-122.32993774092222
6,Jack Parker,2/22/2024,The Royal Room,Music,South Seattle,47.5569023,-122.2842722
7,Mountain Holler,2/22/2024,High Dive,Music,Fremont / Ballard,47.6514631,-122.3517391
8,Northwest Blues Stars,2/22/2024,The Triple Door,Music,Downtown,47.6086439,-122.337685
9,The Cookers,Now through 2/21/2024,Dimitriou's Jazz Alley,Music,Downtown,47.6148163,-122.339691
10,A I M by Kyle Abraham,2/21/2024,The Moore Theatre,Dance,Downtown,,
11,Cesar Cuauhtemoc Garcia Hernandez,2/21/2024,Town Hall Seattle,Readings & Lectures,Downtown,47.6090191,-122.32993774092222
12,Side-by-Side with Seattle Youth Symphony Orchestra,2/21/2024,Benaroya Hall,Music,Downtown,47.60811665,-122.33697040702705
13,Bailen,2/22/2024,The Crocodile,Music,Downtown,47.6146474,-122.3490734
14,Dr. Charan Ranganath,2/22/2024,Town Hall Seattle,Readings & Lectures,Downtown,47.6090191,-122.32993774092222
15,Jack Parker,2/22/2024,The Royal Room,Music,South Seattle,47.5569023,-122.2842722
16,Mountain Holler,2/22/2024,High Dive,Music,Fremont / Ballard,47.6514631,-122.3517391
17,Northwest Blues Stars,2/22/2024,The Triple Door,Music,Downtown,47.6086439,-122.337685
18,Seattle Kraken vs. Vancouver Canucks,2/22/2024,Climate Pledge Arena,Sports,Queen Anne / Seattle Center,47.6219014,-122.353990491486
19,Shabaka,2/22/2024,Town Hall Seattle,Music,Downtown,47.6090191,-122.32993774092222
20,Funky Friday with F2D,Now through 2/23/2024,Sea Monster Lounge,Music,Wallingford / Greenlake,47.6615049,-122.332319
21,BLACKSTAR SYMPHONY: The Music of David Bowie,2/23/2024,Benaroya Hall,Music,Downtown,47.60811665,-122.33697040702705
22,Caligula’s Horse,2/23/2024,El Corazon,Music,Downtown,47.6188258,-122.3293843
23,Lisa Koch Big Ass Birthday Bash,2/23/2024,The Triple Door,Music,Downtown,47.6086439,-122.337685
24,Opera Talk: The Making of X,2/23/2024,Opera Center,Readings & Lectures,Queen Anne / Seattle Center,47.624004299999996,-122.3494506540469
25,Tikkadoom and Nick Drummond,2/23/2024,The Royal Room,Music,South Seattle,47.5569023,-122.2842722
26,Wreckno,2/23/2024,The Showbox,Music,Downtown,47.6085136,-122.3394726
27,Kelly Akashi,Now through 2/24/2024,Henry Art Gallery,Museums,University District,47.6565246,-122.31173279895636
28,The Lower Depths,Now through 2/24/2024,Erickson Theatre,Theatre,Capitol Hill / Central District,47.61467195,-122.3217419
29,Bassekou Kouyate and Vieux Farka Toure,2/22/2024 through 2/24/2024,Town Hall Seattle,Music,Downtown,47.6090191,-122.32993774092222
30,Bassekou Kouyate and Vieux Farka Toure,2/24/2024,Town Hall Seattle,Music,Downtown,47.6090191,-122.32993774092222
31,Crystal Skies,2/24/2024,Nectar Lounge,Music,Fremont / Ballard,47.6523876,-122.3538541520202
32,Dan Brown Wild Symphony,2/24/2024,Benaroya Hall,Music,Downtown,47.60811665,-122.33697040702705
33,Dana Gould and Bobcat Goldthwait,2/24/2024,The Triple Door,Theatre,Downtown,47.6086439,-122.337685
34,Knoll,2/24/2024,Funhouse,Music,Capitol Hill / Central District,,
35,Nate Jackson,2/24/2024,The Moore Theatre,Theatre,Downtown,,
36,Pink Sweat$,2/24/2024,The Showbox,Music,Downtown,47.6085136,-122.3394726
37,Root and Branch,2/24/2024,Town Hall Seattle,Music,Downtown,47.6090191,-122.32993774092222
38,Seattle Kraken vs. Minnesota Wild,2/24/2024,Climate Pledge Arena,Sports,Queen Anne / Seattle Center,47.6219014,-122.353990491486
39,Small Island Big Song,2/24/2024,Meany Center for the Performing Arts,Music,University District,,
40,The Highsteppers Classic Soul Revue,2/24/2024,The Royal Room,Music,South Seattle,47.5569023,-122.2842722
41,Tides of Times: A Conversation on Maritime Asia in Art and Trade,2/24/2024,Seattle Art Museum,Museums,Downtown,47.6077008,-122.3385575
42,Born With Teeth,Now through 2/25/2024,ArtsWest Playhouse and Gallery,Theatre,West Seattle,,
43,SAM Gallery Presents: Enter the Forest,Now through 2/25/2024,SAM Gallery,Visual Arts & Galleries,Downtown,47.5999358,-122.3352406
44,"Once More, Just For You",Now through 2/25/2024,Seattle Public Theater,Theatre,Wallingford / Greenlake,47.6821341,-122.3398325
45,Seattle Home & Garden Show,2/22/2024 through 2/25/2024,Lumen Field,Festivals & Special Events,Pioneer Square,47.5953459,-122.33164431196111
46,Wintergrass Music Festival,2/22/2024 through 2/25/2024,Hyatt Regency Bellevue,Festivals & Special Events,Bellevue / Eastside,,
47,Klezmer Starts Here: The Music of Abe Schwartz,2/25/2024,The Royal Room,Music,South Seattle,47.5569023,-122.2842722
48,Telling the Story,2/25/2024,Town Hall Seattle,Readings & Lectures,Downtown,47.6090191,-122.32993774092222
49,Cherry Glazerr,2/26/2024,Neumos,Music,Capitol Hill / Central District,47.613954,-122.3196108
50,Dick & Angel Dare to Do It,2/26/2024,The Paramount Theatre,Theatre,Downtown,,
51,Seattle Kraken vs. Boston Bruins,2/26/2024,Climate Pledge Arena,Sports,Queen Anne / Seattle Center,47.6219014,-122.353990491486
52,Hunt for Sleeping Giants | National Geographic Live,2/25/2024 through 2/27/2024,Benaroya Hall,Readings & Lectures,Downtown,47.60811665,-122.33697040702705
53,Big Tooth,2/27/2024,Sea Monster Lounge,Music,Wallingford / Greenlake,47.6615049,-122.332319
54,Eric Klinenberg,2/27/2024,Town Hall Seattle,Readings & Lectures,Downtown,47.6090191,-122.32993774092222
55,Fresh Dressed – smARTfilms: Black Luxury,2/27/2024,Bainbridge Island Museum of Art,Museums,West,,
56,Joy Harjo,2/27/2024,Town Hall Seattle,Readings & Lectures,Downtown,47.6090191,-122.32993774092222
57,Kelsy Karter and The Heroines,2/27/2024,Funhouse,Music,Capitol Hill / Central District,,
58,Ron Pope,2/27/2024,The Triple Door,Music,Downtown,47.6086439,-122.337685
59,Anand Gopal,2/28/2024,Town Hall Seattle,Readings & Lectures,Downtown,47.6090191,-122.32993774092222
60,Dianne Reeves,2/28/2024,Town Hall Seattle,Music,Downtown,47.6090191,-122.32993774092222
61,He Films The Clouds,2/28/2024,Funhouse,Music,Capitol Hill / Central District,,
62,Kassa Overall,2/28/2024,Nectar Lounge,Music,Fremont / Ballard,47.6523876,-122.3538541520202
63,Playboi Carti,2/28/2024,Climate Pledge Arena,Music,Queen Anne / Seattle Center,47.6219014,-122.353990491486
64,Tommy Castro and The Painkillers,2/28/2024,The Triple Door,Music,Downtown,47.6086439,-122.337685
65,Winter Brilliance,Now through 2/29/2024,Chihuly Garden and Glass,Museums,Queen Anne / Seattle Center,47.6205296,-122.35020712496446
66,Seattle Museum Month,Now through 2/29/2024,Downtown Seattle,Museums,Downtown,47.6063761,-122.3345788
67,Corey Harris and Cedric Watson,2/29/2024,The Triple Door,Music,Downtown,47.6086439,-122.337685
68,JNA and Tavia Rhodes,2/29/2024,The Royal Room,Music,South Seattle,47.5569023,-122.2842722
69,Julian Lage,2/29/2024,Town Hall Seattle,Music,Downtown,47.6090191,-122.32993774092222
70,MarchFourth,2/29/2024,Nectar Lounge,Music,Fremont / Ballard,47.6523876,-122.3538541520202
71,Quilts,2/29/2024,Sunset Tavern,Music,Fremont / Ballard,47.6682756,-122.3860837
72,Seattle Kraken vs. Pittsburgh Penguins,2/29/2024,Climate Pledge Arena,Sports,Queen Anne / Seattle Center,47.6219014,-122.353990491486
73,The Human Family,2/29/2024,LANGSTON Seattle,Music,Capitol Hill / Central District,47.6012977,-122.30982515103054
74,Conjuring Up Monsterz,3/1/2024,Funhouse,Music,Capitol Hill / Central District,,
75,Enjambre,3/1/2024,Nectar Lounge,Music,Fremont / Ballard,47.6523876,-122.3538541520202
76,Fall Out Boy,3/1/2024,Climate Pledge Arena,Readings & Lectures,Queen Anne / Seattle Center,47.6219014,-122.353990491486
77,Global Rhythms: Justin Adams and Mauro Durante,3/1/2024,Town Hall Seattle,Music,Downtown,47.6090191,-122.32993774092222
78,Sloane Crosley with Ben Gibbard,3/1/2024,Town Hall Seattle,Readings & Lectures,Downtown,47.6090191,-122.32993774092222
79,Supernova,3/1/2024,The Triple Door,Music,Downtown,47.6086439,-122.337685
80,Tacoma Stars vs. Harrisburg Heat,3/1/2024,accesso ShoWare Center,Sports,South,,
81,Tommy Emmanuel,3/1/2024,The Moore Theatre,Music,Downtown,,
82,Facades,Now through 3/2/2024,Harris Harvey Gallery,Visual Arts & Galleries,Downtown,,
83,Conrad Tao’s Playlist,3/1/2024 through 3/2/2024,Benaroya Hall,Music,Downtown,47.60811665,-122.33697040702705
84,SuperFolk Festival,3/1/2024 through 3/2/2024,Washington State History Museum,Museums,South,47.6605211,-122.31156049949824
85,Brian Culbertson,3/2/2024,The Moore Theatre,Music,Downtown,,
86,Crypta,3/2/2024,El Corazon,Music,Downtown,47.6188258,-122.3293843
87,Not Fade Away – A Tribute to Buddy Holly,3/2/2024,The Triple Door,Music,Downtown,47.6086439,-122.337685
88,Seattle Kraken vs. Edmonton Oilers,3/2/2024,Climate Pledge Arena,Sports,Queen Anne / Seattle Center,47.6219014,-122.353990491486
89,Seattle Sounders FC vs. Austin FC,3/2/2024,Lumen Field,Sports,Pioneer Square,47.5953459,-122.33164431196111
90,Emerald City Comic Con,2/29/2024 through 3/3/2024,Seattle Convention Center,Festivals & Special Events,Downtown,47.61175385,-122.33156275066185
91,Freakout Weekender,3/2/2024 through 3/3/2024,The Crocodile,Music,Downtown,47.6146474,-122.3490734
92,Alexperience,3/3/2024,The Moore Theatre,Theatre,Downtown,,
93,Barbara McQuade with Jenny Durkan,3/3/2024,Town Hall Seattle,Readings & Lectures,Downtown,47.6090191,-122.32993774092222
94,Briscoe,3/3/2024,Tractor Tavern,Music,Fremont / Ballard,47.6657081,-122.38280295082915
95,David Nihill,3/3/2024,The Neptune Theatre,Theatre,University District,,
96,Jim Knapp Orchestra,3/3/2024,The Royal Room,Music,South Seattle,47.5569023,-122.2842722
97,Meow Meow,3/3/2024,The Triple Door,Theatre,Downtown,47.6086439,-122.337685
98,Tacoma Stars vs. Harrisburg Heat,3/3/2024,accesso ShoWare Center,Music,South,,
99,Back to Black: The Amy Winehouse Experience,3/3/2024 through 3/4/2024,Sunset Tavern,Music,Fremont / Ballard,47.6682756,-122.3860837
100,Dr. Rajiv Shah,3/4/2024,Town Hall Seattle,Readings & Lectures,Downtown,47.6090191,-122.32993774092222
101,Empty Graves,3/5/2024,Funhouse,Music,Capitol Hill / Central District,,
102,Evan Dando (of the Lemonheads),3/5/2024,The Triple Door,Music,Downtown,47.6086439,-122.337685
103,Eve’s Bayou – smARTfilms: Black Luxury,3/5/2024,Bainbridge Island Museum of Art,Museums,West,,
104,Frond,3/5/2024,Sunset Tavern,Music,Fremont / Ballard,47.6682756,-122.3860837
105,Marc E. Bassy,3/5/2024,Neumos,Music,Capitol Hill / Central District,47.613954,-122.3196108
106,Maria Jose Llergo,3/6/2024,The Triple Door,Music,Downtown,47.6086439,-122.337685
107,Shawn Phillips,3/6/2024,The Triple Door,Music,Downtown,47.6086439,-122.337685
108,Atlus,3/7/2024,Nectar Lounge,Music,Fremont / Ballard,47.6523876,-122.3538541520202
109,Critical Mass Big Band,3/7/2024,The Royal Room,Music,South Seattle,47.5569023,-122.2842722
110,Rick Estrin and The Nightcats,3/7/2024,The Triple Door,Music,Downtown,47.6086439,-122.337685
111,Theresa Caputo Live,3/7/2024,The Moore Theatre,Theatre,Downtown,,
112,Calidore Quartet & Abeo Quartet,3/8/2024,415 Westlake,Music,Queen Anne / Seattle Center,47.622554,-122.3386578
113,Debut,3/8/2024,Barboza,Music,Capitol Hill / Central District,47.6138274,-122.3196284
114,Holding / Movement,3/8/2024,Benaroya Hall,Music,Downtown,47.60811665,-122.33697040702705
115,International Women’s Day Live Sessions Concert,3/8/2024,The Royal Room,Music,South Seattle,47.5569023,-122.2842722
116,Karla Bonoff,3/8/2024,The Triple Door,Music,Downtown,47.6086439,-122.337685
117,Seattle Kraken vs. Winnipeg Jets,3/8/2024,Climate Pledge Arena,Sports,Queen Anne / Seattle Center,47.6219014,-122.353990491486
118,X:The Life and Times of Malcolm X,2/24/2024 through 3/9/2024,Marion Oliver McCaw Hall,Music,Queen Anne / Seattle Center,47.62397705,-122.35038850536958
119,Bach St. John Passion,3/7/2024 through 3/9/2024,Benaroya Hall,Music,Downtown,47.60811665,-122.33697040702705
120,Ariel Pink,3/9/2024,El Corazon,Music,Downtown,47.6188258,-122.3293843
121,Coco Montoya,3/9/2024,The Triple Door,Music,Downtown,47.6086439,-122.337685
122,Helene Grimaud,3/9/2024,Meany Center for the Performing Arts,Music,University District,,
123,Josiah and the Bonnevilles,3/9/2024,Barboza,Music,Capitol Hill / Central District,47.6138274,-122.3196284
124,Mahan Esfahan,3/9/2024,Town Hall Seattle,Music,Downtown,47.6090191,-122.32993774092222
125,Positive Fragmentation,Now through 3/10/2024,Bellevue Arts Museum,Museums,Bellevue / Eastside,,
126,Antonio M. Gomez: LINEAJES,Now through 3/10/2024,Frye Art Museum,Museums,Capitol Hill / Central District,47.60719095,-122.32405377084555
127,Soren Solkaer: Sort Sol,Now through 3/10/2024,National Nordic Museum,Museums,Fremont / Ballard,47.668285600000004,-122.39177691452363
128,Luchadora!,2/22/2024 through 3/10/2024,Seattle Children's Theatre,Theatre,Queen Anne / Seattle Center,47.6204553,-122.35225726215312
129,Earshot Golden Ear Awards Party: Jun Iida,3/11/2024,The Royal Room,Music,South Seattle,47.5569023,-122.2842722
130,Sasha LaPointe,3/11/2024,Town Hall Seattle,Readings & Lectures,Downtown,47.6090191,-122.32993774092222
131,Wild Cats Revealed | National Geographic Live,3/10/2024 through 3/12/2024,Benaroya Hall,Readings & Lectures,Downtown,47.60811665,-122.33697040702705
132,Seattle Kraken vs. Vegas Golden Knights,3/12/2024,Climate Pledge Arena,Sports,Queen Anne / Seattle Center,47.6219014,-122.353990491486
133,Special EFX All Stars,3/12/2024,The Triple Door,Music,Downtown,47.6086439,-122.337685
134,Cody Bartels,3/13/2024,High Dive,Music,Fremont / Ballard,47.6514631,-122.3517391
135,Kendra Morris,3/13/2024,Sunset Tavern,Music,Fremont / Ballard,47.6682756,-122.3860837
136,My Dinner with SAM,3/13/2024,Seattle Art Museum,Museums,Downtown,47.6077008,-122.3385575
137,Seattle Kraken vs. Washington Capitals,3/14/2024,Climate Pledge Arena,Sports,Queen Anne / Seattle Center,47.6219014,-122.353990491486
138,Taste Washington: Pacific Standard,3/14/2024,Pier 62,Festivals & Special Events,Downtown,47.60853229999999,-122.34484275866666
139,Autoheart,3/15/2024,El Corazon,Music,Downtown,47.6188258,-122.3293843
140,Goose Vargis,3/15/2024,High Dive,Music,Fremont / Ballard,47.6514631,-122.3517391
141,Taste Washington: The New Vintage,3/15/2024,Pier 62,Festivals & Special Events,Downtown,47.60853229999999,-122.34484275866666
142,The Snuts,3/15/2024,Barboza,Music,Capitol Hill / Central District,47.6138274,-122.3196284
143,Mark Morris Dance Group: The Look of Love,3/14/2024 through 3/16/2024,Meany Center for the Performing Arts,Music,University District,,
144,Sibelius & Nielsen,3/14/2024 through 3/16/2024,Benaroya Hall,Music,Downtown,47.60811665,-122.33697040702705
145,Tacoma Stars vs. Chihuahua Savage,3/15/2024 through 3/16/2024,accesso ShoWare Center,Sports,South,,
146,Matt Hansen,3/16/2024,Barboza,Music,Capitol Hill / Central District,47.6138274,-122.3196284
147,Seattle Kraken vs. Nashville Predators,3/16/2024,Climate Pledge Arena,Sports,Queen Anne / Seattle Center,47.6219014,-122.353990491486
148,Seattle Sounders FC vs. Colorado Rapids,3/16/2024,Lumen Field,Sports,Pioneer Square,47.5953459,-122.33164431196111
149,Taste Washington: The Seminars,3/16/2024,"Seattle, WA",Festivals & Special Events,Downtown,47.6191101,-122.33653138239433
150,Native Portraiture: Power and Perception,Now through 3/17/2024,Tacoma Art Museum,Museums,South,,
151,Places to Call Home: Settlements in the West,Now through 3/17/2024,Tacoma Art Museum,Museums,South,,
152,Nobody Lives Here,Now through 3/17/2024,Wing Luke Museum,Museums,International District,47.5982461,-122.3228705
153,Seattle Jewish Film Festival,3/2/2024 through 3/17/2024,"Seattle, WA",Festivals & Special Events,Downtown,47.6191101,-122.33653138239433
154,Rootabaga Country,3/8/2024 through 3/17/2024,Opera Center,Music,Queen Anne / Seattle Center,47.624004299999996,-122.3494506540469
155,Festal: Irish Festival Seattle,3/16/2024 through 3/17/2024,Seattle Center,Festivals & Special Events,Queen Anne / Seattle Center,47.621255,-122.34974101387942
156,Taste Washington: The Grand Tasting,3/16/2024 through 3/17/2024,Lumen Field,Festivals & Special Events,Pioneer Square,47.5953459,-122.33164431196111
157,BAS,3/17/2024,Neumos,Music,Capitol Hill / Central District,47.613954,-122.3196108
158,Brad Parsons,3/17/2024,High Dive,Music,Fremont / Ballard,47.6514631,-122.3517391
159,’68,3/18/2024,Funhouse,Music,Capitol Hill / Central District,,
160,Jimmy Chamberlin Complex,3/18/2024,Neumos,Music,Capitol Hill / Central District,47.613954,-122.3196108
161,Seattle Kraken vs. Buffalo Sabres,3/18/2024,Climate Pledge Arena,Sports,Queen Anne / Seattle Center,47.6219014,-122.353990491486
162,Taste Washington: No Frills,3/18/2024,"Seattle, WA",Festivals & Special Events,Downtown,47.6191101,-122.33653138239433
163,Darkest Hour,3/19/2024,El Corazon,Music,Downtown,47.6188258,-122.3293843
164,Dragontail Peak,3/19/2024,High Dive,Music,Fremont / Ballard,47.6514631,-122.3517391
165,El Perro del Mar,3/19/2024,Barboza,Music,Capitol Hill / Central District,47.6138274,-122.3196284
166,Combichrist,3/20/2024,El Corazon,Music,Downtown,47.6188258,-122.3293843
167,Jon Vinyl,3/20/2024,Barboza,Music,Capitol Hill / Central District,47.6138274,-122.3196284
168,Mayuan Poet,3/20/2024,Neumos,Music,Capitol Hill / Central District,47.613954,-122.3196108
169,The Forensic Archive of Landscapes: Paloma Contreras Lomas,3/20/2024,Seattle Art Museum,Museums,Downtown,47.6077008,-122.3385575
170,Flyana Boss,3/21/2024,Barboza,Music,Capitol Hill / Central District,47.6138274,-122.3196284
171,glass beach,3/21/2024,Neumos,Music,Capitol Hill / Central District,47.613954,-122.3196108
172,Taste Washington: Dinner Series,3/21/2024 through 3/23/2024,"Seattle, WA",Festivals & Special Events,Downtown,47.6191101,-122.33653138239433
173,Jennifer Hartswick Band,3/23/2024,High Dive,Music,Fremont / Ballard,47.6514631,-122.3517391
174,Monster Energy AMA Supercross!,3/23/2024,Lumen Field,Festivals & Special Events,Pioneer Square,47.5953459,-122.33164431196111
175,Tacoma Stars vs. Empire Strykers,3/23/2024,accesso ShoWare Center,Sports,South,,
176,Something’s Afoot,3/1/2024 through 3/24/2024,The 5th Avenue Theatre,Theatre,Downtown,,
177,One Thousand Pieces,3/15/2024 through 3/24/2024,Marion Oliver McCaw Hall,Dance,Queen Anne / Seattle Center,47.62397705,-122.35038850536958
178,Simon Trpceski Plays Tchaikovsky,3/21/2024 through 3/24/2024,Benaroya Hall,Music,Downtown,47.60811665,-122.33697040702705
179,Celebrate Holi! Spring Festival of Colors from South Asia,3/24/2024,Burke Museum,Museums,University District,47.6605211,-122.31156049949824
180,Festal: Seattle’s French Fest,3/24/2024,Seattle Center,Festivals & Special Events,Queen Anne / Seattle Center,47.621255,-122.34974101387942
181,Seattle Kraken vs. Montreal Canadiens,3/24/2024,Climate Pledge Arena,Sports,Queen Anne / Seattle Center,47.6219014,-122.353990491486
182,Jonah Kagen,3/25/2024,Barboza,Music,Capitol Hill / Central District,47.6138274,-122.3196284
183,Kim Dracula,3/25/2024,Neumos,Music,Capitol Hill / Central District,47.613954,-122.3196108
184,Seattle Kraken vs. Anaheim Ducks,3/26/2024,Climate Pledge Arena,Sports,Queen Anne / Seattle Center,47.6219014,-122.353990491486
185,Seattle Kraken vs. Anaheim Ducks,3/28/2024,Climate Pledge Arena,Sports,Queen Anne / Seattle Center,47.6219014,-122.353990491486
186,DJ DAN with Max Gain,3/29/2024,High Dive,Music,Fremont / Ballard,47.6514631,-122.3517391
187,SAM Remix,3/29/2024,Seattle Art Museum,Museums,Downtown,47.6077008,-122.3385575
188,Tim McGraw,3/29/2024,Climate Pledge Arena,Music,Queen Anne / Seattle Center,47.6219014,-122.353990491486
189,Harold and the Purple Crayon,3/23/2024 through 3/30/2024,Marion Oliver McCaw Hall,Dance,Queen Anne / Seattle Center,47.62397705,-122.35038850536958
190,Monster Jam,3/30/2024,Lumen Field,Festivals & Special Events,Pioneer Square,47.5953459,-122.33164431196111
191,Seattle Kraken vs. Dallas Stars,3/30/2024,Climate Pledge Arena,Sports,Queen Anne / Seattle Center,47.6219014,-122.353990491486
192,Illuminate: Glass Art for Early Learners,Now through 3/31/2024,Museum of Glass,Museums,South,,
193,Al Young’s 1970 Dodge Challenger Drag Racer,Now through 3/31/2024,Museum of History & Industry,Museums,Queen Anne / Seattle Center,47.6275114,-122.3367506
194,Shine On Seattle,Now through 3/31/2024,Pioneer Square,Festivals & Special Events,Pioneer Square,47.6027217,-122.3313539
195,Exhibition Tour: Calder,Now through 3/31/2024,Seattle Art Museum,Museums,Downtown,47.6077008,-122.3385575
196,Public Tour: Highlights from SAM’s Collection,Now through 3/31/2024,Seattle Art Museum,Museums,Downtown,47.6077008,-122.3385575
197,Public Tour: Journeys Through Time and Space,Now through 3/31/2024,Seattle Asian Art Museum,Museums,Capitol Hill / Central District,47.63029565,-122.31413540328062
198,Sanctuary City,3/1/2024 through 3/31/2024,Seattle Rep,Theatre,Queen Anne / Seattle Center,,
199,Stew,3/15/2024 through 3/31/2024,ACT Theatre,Theatre,Downtown,47.6108495,-122.3323262
200,Sakura-Con 2024,3/29/2024 through 3/31/2024,Seattle Convention Center,Festivals & Special Events,Downtown,47.61175385,-122.33156275066185
201,Joey Harkum,4/2/2024,High Dive,Music,Fremont / Ballard,47.6514631,-122.3517391
202,Luis Miguel,4/4/2024,Climate Pledge Arena,Music,Queen Anne / Seattle Center,47.6219014,-122.353990491486
203,Taylor Raven and Duke Kim in Recital,4/4/2024,Opera Center,Music,Queen Anne / Seattle Center,47.624004299999996,-122.3494506540469
204,Jo Koy,4/5/2024,Climate Pledge Arena,Theatre,Queen Anne / Seattle Center,47.6219014,-122.353990491486
205,Copland Appalachian Spring,4/4/2024 through 4/6/2024,Benaroya Hall,Music,Downtown,47.60811665,-122.33697040702705
206,Red Bull Lords of Floor,4/6/2024,WaMu Theater,Dance,Pioneer Square,47.593154,-122.3329041
207,Seattle Sounders FC vs. CF Montreal,4/6/2024,Lumen Field,Sports,Pioneer Square,47.5953459,-122.33164431196111
208,Tom Segura,4/6/2024,Climate Pledge Arena,Theatre,Queen Anne / Seattle Center,47.6219014,-122.353990491486
209,La Vaughn Belle: A History of Unruly Returns,Now through 4/7/2024,National Nordic Museum,Museums,Fremont / Ballard,47.668285600000004,-122.39177691452363
210,Beetlejuice,4/2/2024 through 4/7/2024,The Paramount Theatre,Theatre,Downtown,,
211,Seattle Kraken vs. Arizona Coyotes,4/9/2024,Climate Pledge Arena,Sports,Queen Anne / Seattle Center,47.6219014,-122.353990491486
212,Seattle Kraken vs. San Jose Sharks,4/11/2024,Climate Pledge Arena,Sports,Queen Anne / Seattle Center,47.6219014,-122.353990491486
213,The Percussion: Sounds from Home,4/12/2024 through 4/13/2024,Benaroya Hall,Music,Downtown,47.60811665,-122.33697040702705
214,Honoring 50 Years of Papunya Tula Painting,Now through 4/14/2024,Seattle Art Museum,Museums,Downtown,47.6077008,-122.3385575
215,The Moors,3/22/2024 through 4/14/2024,Seattle Public Theater,Theatre,Wallingford / Greenlake,47.6821341,-122.3398325
216,Mahler Symphony No. 3,4/11/2024 through 4/14/2024,Benaroya Hall,Music,Downtown,47.60811665,-122.33697040702705
217,Festal: Seattle Cherry Blossom & Japanese Cultural Festival,4/12/2024 through 4/14/2024,Seattle Center,Festivals & Special Events,Queen Anne / Seattle Center,47.621255,-122.34974101387942
218,Best of the Northwest Spring Show,4/13/2024 through 4/14/2024,Magnuson Park,Festivals & Special Events,University District,47.6819164,-122.25462087672659
219,An Evening with Jinjoo Cho,4/19/2024,415 Westlake,Music,Queen Anne / Seattle Center,47.622554,-122.3386578
220,Dvorak Symphony No. 6,4/18/2024 through 4/20/2024,Benaroya Hall,Music,Downtown,47.60811665,-122.33697040702705
221,Seattle Sounders FC vs. Vancouver Whitecaps FC,4/20/2024,Lumen Field,Sports,Pioneer Square,47.5953459,-122.33164431196111
222,The Seasons’ Canon,4/12/2024 through 4/21/2024,Marion Oliver McCaw Hall,Dance,Queen Anne / Seattle Center,47.62397705,-122.35038850536958
223,DRUM TAO 30th Anniversary,4/22/2024,Benaroya Hall,Music,Downtown,47.60811665,-122.33697040702705
224,AJR,4/26/2024,Climate Pledge Arena,Music,Queen Anne / Seattle Center,47.6219014,-122.353990491486
225,Seattle Restaurant Week,4/14/2024 through 4/27/2024,"Seattle, WA",Festivals & Special Events,Downtown,47.6191101,-122.33653138239433
226,Disney’s Aladdin,4/24/2024 through 4/28/2024,The Paramount Theatre,Theatre,Downtown,,
227,Antarctic Symphony,4/25/2024 through 4/28/2024,Benaroya Hall,Music,Downtown,47.60811665,-122.33697040702705
228,Skagit Valley Tulip Festival,4/1/2024 through 4/30/2024,Skagit Valley Tulip Festival,Festivals & Special Events,North,,
229,My Dinner with SAM,5/2/2024,Olympic Sculpture Park,Museums,Downtown,47.6162378,-122.35431328817567
230,Noah Geller’s Playlist,5/3/2024 through 5/4/2024,Benaroya Hall,Music,Downtown,47.60811665,-122.33697040702705
231,Broadway Spectacular,5/4/2024,Cornish Playhouse at Seattle Center,Music,Queen Anne / Seattle Center,,
232,Festal: Asian Pacific Islander Heritage Month Celebration,5/4/2024,Seattle Center,Festivals & Special Events,Queen Anne / Seattle Center,47.621255,-122.34974101387942
233,Opening Day of Boating Season,5/4/2024,Seattle Yacht Club,Festivals & Special Events,University District,47.64534825,-122.30860586841534
234,Jessica Jackson Hutchins: Wrecked and Righteous,Now through 5/5/2024,Frye Art Museum,Museums,Capitol Hill / Central District,47.60719095,-122.32405377084555
235,The Lion Tells His Tale,5/1/2024 through 5/5/2024,Broadway Performance Hall,Theatre,Capitol Hill / Central District,47.6158151,-122.32186077039998
236,Seattle Sounders FC vs. LA Galaxy,5/5/2024,Lumen Field,Sports,Pioneer Square,47.5953459,-122.33164431196111
237,Melanie Martinez,5/10/2024,Climate Pledge Arena,Music,Queen Anne / Seattle Center,47.6219014,-122.353990491486
238,Festal: Spirit of Africa,5/11/2024,Seattle Center,Festivals & Special Events,Queen Anne / Seattle Center,47.621255,-122.34974101387942
239,"Guma’ Gela:  Part Land, Part Sea, All Ancestry",Now through 5/12/2024,Wing Luke Museum,Museums,International District,47.5982461,-122.3228705
240,Jaune Quick-to-See Smith: Memory Map,2/29/2024 through 5/12/2024,Seattle Art Museum,Museums,Downtown,47.6077008,-122.3385575
241,Fat Ham,4/12/2024 through 5/12/2024,Seattle Rep,Theatre,Queen Anne / Seattle Center,,
242,A Tale of Peter Rabbit,4/25/2024 through 5/12/2024,Seattle Children's Theatre,Theatre,Queen Anne / Seattle Center,47.6204553,-122.35225726215312
243,The Lehman Trilogy,4/26/2024 through 5/12/2024,ACT Theatre,Theatre,Downtown,47.6108495,-122.3323262
244,The Untold Story of Sharks | National Geographic Live,5/12/2024 through 5/14/2024,Benaroya Hall,Readings & Lectures,Downtown,47.60811665,-122.33697040702705
245,Seattle Storm vs Minnesota Lynx,5/14/2024,Climate Pledge Arena,Sports,Queen Anne / Seattle Center,47.6219014,-122.353990491486
246,The Rolling Stones,5/15/2024,Lumen Field,Music,Pioneer Square,47.5953459,-122.33164431196111
247,Mother,5/17/2024,415 Westlake,Music,Queen Anne / Seattle Center,47.622554,-122.3386578
248,Barber Violin Concerto,5/16/2024 through 5/18/2024,Benaroya Hall,Music,Downtown,47.60811665,-122.33697040702705
249,Festal: A Glimpse of China – Seattle Chinese Culture & Arts Festival,5/18/2024,"Seattle, WA",Festivals & Special Events,Downtown,47.6191101,-122.33653138239433
250,Seattle Sounders FC vs. Vancouver Whitecaps FC,5/18/2024,Lumen Field,Sports,Pioneer Square,47.5953459,-122.33164431196111
251,Seattle International Film Festival,5/9/2024 through 5/19/2024,"Seattle, WA",Festivals & Special Events,Downtown,47.6191101,-122.33653138239433
252,U District Street Fair,5/18/2024 through 5/19/2024,"Seattle, WA",Festivals & Special Events,Downtown,47.6191101,-122.33653138239433
253,Madness,5/22/2024,WaMu Theater,Music,Pioneer Square,47.593154,-122.3329041
254,Seattle Storm vs. Indiana Fever,5/22/2024,Climate Pledge Arena,Sports,Queen Anne / Seattle Center,47.6219014,-122.353990491486
255,The Barber of Seville,5/4/2024 through 5/24/2024,Marion Oliver McCaw Hall,Music,Queen Anne / Seattle Center,47.62397705,-122.35038850536958
256,Seattle Storm vs. Washington Mystics,5/25/2024,Climate Pledge Arena,Sports,Queen Anne / Seattle Center,47.6219014,-122.353990491486
257,53rd Annual Northwest Folklife Festival,5/24/2024 through 5/27/2024,Seattle Center,Festivals & Special Events,Queen Anne / Seattle Center,47.621255,-122.34974101387942
258,Seattle Sounders FC vs. Real Salt Lake,5/29/2024,Lumen Field,Sports,Pioneer Square,47.5953459,-122.33164431196111
259,Caifanes and Cafe Tacvba,5/30/2024,WaMu Theater,Music,Pioneer Square,47.593154,-122.3329041
260,Unriveled,5/10/2024 through 6/2/2024,Seattle Public Theater,Theatre,Wallingford / Greenlake,47.6821341,-122.3398325
261,Festal: Pagdiriwang Philippine Festival,6/1/2024 through 6/2/2024,Seattle Center,Festivals & Special Events,Queen Anne / Seattle Center,47.621255,-122.34974101387942
262,Seattle Storm vs. Phoenix Mercury,6/4/2024,Climate Pledge Arena,Sports,Queen Anne / Seattle Center,47.6219014,-122.353990491486
263,Festal: Indigenous People Festival,6/8/2024,Seattle Center,Festivals & Special Events,Queen Anne / Seattle Center,47.621255,-122.34974101387942
264,George Balenchine’s Coppelia,5/31/2024 through 6/9/2024,Marion Oliver McCaw Hall,Dance,Queen Anne / Seattle Center,47.62397705,-122.35038850536958
265,Jan Lisiecki Plays Prokofiev,6/6/2024 through 6/9/2024,Benaroya Hall,Music,Downtown,47.60811665,-122.33697040702705
266,Seattle Storm vs. Los Angeles Sparks,6/11/2024,Climate Pledge Arena,Sports,Queen Anne / Seattle Center,47.6219014,-122.353990491486
267,Third Eye Blind,6/13/2024,WaMu Theater,Music,Pioneer Square,47.593154,-122.3329041
268,Beethoven Symphony No. 5,6/13/2024 through 6/15/2024,Benaroya Hall,Music,Downtown,47.60811665,-122.33697040702705
269,Elizabeth Malaska: All Be Your Mirror,Now through 6/16/2024,Seattle Art Museum,Museums,Downtown,47.6077008,-122.3385575
270,Joshua Bell Plays Elements Concerto,6/20/2024 through 6/22/2024,Benaroya Hall,Music,Downtown,47.60811665,-122.33697040702705
271,Festal: Seattle Iranian Festival,6/22/2024,Seattle Center,Festivals & Special Events,Queen Anne / Seattle Center,47.621255,-122.34974101387942
272,Seattle Sounders FC vs. Minnesota United FC,6/22/2024,Lumen Field,Sports,Pioneer Square,47.5953459,-122.33164431196111
273,"Together Again, Again!",5/31/2024 through 6/23/2024,Seattle Rep,Theatre,Queen Anne / Seattle Center,,
274,2024 KPMG Women’s PGA Championship,6/20/2024 through 6/23/2024,Sahalee Country Club,Sports,Bellevue / Eastside,,
275,Lip Sync for Our Rights,6/22/2024 through 6/23/2024,Marion Oliver McCaw Hall,Music,Queen Anne / Seattle Center,47.62397705,-122.35038850536958
276,Seattle Storm vs. Connecticut Sun,6/23/2024,Climate Pledge Arena,Sports,Queen Anne / Seattle Center,47.6219014,-122.353990491486
277,Seattle Storm vs. Indiana Fever,6/27/2024,Climate Pledge Arena,Sports,Queen Anne / Seattle Center,47.6219014,-122.353990491486
278,Company,6/23/2024 through 6/28/2024,The Paramount Theatre,Music,Downtown,,
279,Seattle Storm vs. Dallas Wings,6/29/2024,Climate Pledge Arena,Sports,Queen Anne / Seattle Center,47.6219014,-122.353990491486
280,Sounders FC vs. Chicago Fire FC,6/29/2024,Lumen Field,Sports,Pioneer Square,47.5953459,-122.33164431196111
281,2024 University of Washington MFA + MDes Thesis Exhibition,5/24/2024 through 6/30/2024,Henry Art Gallery,Museums,University District,47.6565246,-122.31173279895636
282,Spring Awakening,6/7/2024 through 6/30/2024,The 5th Avenue Theatre,Theatre,Downtown,,
283,Girl From The North Country,6/25/2024 through 6/30/2024,The Paramount Theatre,Music,Downtown,,
284,Seattle Storm vs Dallas Wings,7/1/2024,Climate Pledge Arena,Sports,Queen Anne / Seattle Center,47.6219014,-122.353990491486
285,Seattle Storm vs. Chicago Sky,7/5/2024,Climate Pledge Arena,Sports,Queen Anne / Seattle Center,47.6219014,-122.353990491486
286,Seattle Sounders FC vs. New England Revolution,7/6/2024,Lumen Field,Sports,Pioneer Square,47.5953459,-122.33164431196111
287,"Anida Yoeu Ali: Hybrid Skin, Mythical Presence",Now through 7/7/2024,Seattle Asian Art Museum,Museums,Capitol Hill / Central District,47.63029565,-122.31413540328062
288,Seattle Storm vs.Chicago Sky,7/7/2024,Climate Pledge Arena,Sports,Queen Anne / Seattle Center,47.6219014,-122.353990491486
289,Seattle Storm vs. Las Vegas Aces,7/10/2024,Climate Pledge Arena,Sports,Queen Anne / Seattle Center,47.6219014,-122.353990491486
290,Seattle Storm vs. Minnesota Lynx,7/12/2024,Climate Pledge Arena,Sports,Queen Anne / Seattle Center,47.6219014,-122.353990491486
291,Festal: Polish Festival Seattle,7/13/2024,Seattle Center,Festivals & Special Events,Queen Anne / Seattle Center,47.621255,-122.34974101387942
292,Kenny Chesney with Zac Brown Band,7/13/2024,Lumen Field,Music,Pioneer Square,47.5953459,-122.33164431196111
293,Seattle Storm vs. Atlanta Dream,7/14/2024,Climate Pledge Arena,Sports,Queen Anne / Seattle Center,47.6219014,-122.353990491486
294,Seattle Sounders FC vs. St. Louis SC,7/17/2024,Lumen Field,Sports,Pioneer Square,47.5953459,-122.33164431196111
295,Seattle Sounders FC vs. Los Angeles FC,7/20/2024,Lumen Field,Sports,Pioneer Square,47.5953459,-122.33164431196111
296,Nordic Utopia: African Americans in the 20th Century,3/22/2024 through 7/21/2024,National Nordic Museum,Museums,Fremont / Ballard,47.668285600000004,-122.39177691452363
297,Clue,7/9/2024 through 7/21/2024,The 5th Avenue Theatre,Theatre,Downtown,,
298,"Be Water, My Friend: The Teachings Of Bruce Lee",Now through 7/28/2024,Wing Luke Museum,Museums,International District,47.5982461,-122.3228705
299,Festal: Seattle Arab Festival,7/27/2024 through 7/28/2024,Seattle Center,Festivals & Special Events,Queen Anne / Seattle Center,47.621255,-122.34974101387942
300,Olivia Rodrigo,8/6/2024 through 8/7/2024,Climate Pledge Arena,Music,Queen Anne / Seattle Center,47.6219014,-122.353990491486
301,Festal: Tibet Fest,8/10/2024 through 8/11/2024,Seattle Center,Festivals & Special Events,Queen Anne / Seattle Center,47.621255,-122.34974101387942
302,Festal: BrasilFest,8/18/2024,Seattle Center,Festivals & Special Events,Queen Anne / Seattle Center,47.621255,-122.34974101387942
303,Festal: Festival Sundiata presents Black Arts Fest,8/23/2024 through 8/24/2024,"Seattle, WA",Festivals & Special Events,Downtown,47.6191101,-122.33653138239433
304,Seattle Storm vs. Washington Mystics,8/26/2024,Climate Pledge Arena,Sports,Queen Anne / Seattle Center,47.6219014,-122.353990491486
305,Seattle Storm vs. Atlanta Dream,8/28/2024,Climate Pledge Arena,Sports,Queen Anne / Seattle Center,47.6219014,-122.353990491486
306,Seattle Storm vs. New York Liberty,8/30/2024,Climate Pledge Arena,Sports,Queen Anne / Seattle Center,47.6219014,-122.353990491486
307,Hidden Worlds: The Films of LAIKA,Now through 8/31/2024,MoPOP Museum of Pop Culture,Museums,Queen Anne / Seattle Center,47.621493099999995,-122.34822527405619
308,Metallica,8/30/2024 through 9/1/2024,Lumen Field,Music,Pioneer Square,47.5953459,-122.33164431196111
309,Poke in the Eye: Art of the West Coast Counterculture,6/21/2024 through 9/2/2024,Seattle Art Museum,Museums,Downtown,47.6077008,-122.3385575
310,"Chicago and Earth, Wind & Fire,",9/3/2024,Climate Pledge Arena,Music,Queen Anne / Seattle Center,47.6219014,-122.353990491486
311,Seattle Storm vs. Phoenix Mercury,9/7/2024,Climate Pledge Arena,Sports,Queen Anne / Seattle Center,47.6219014,-122.353990491486
312,Sum 41,9/7/2024,WaMu Theater,Music,Pioneer Square,47.593154,-122.3329041
313,Festal: Live Aloha Hawaiian Cultural Festival,9/8/2024,Seattle Center,Festivals & Special Events,Queen Anne / Seattle Center,47.621255,-122.34974101387942
314,Sound Check! The Music We Make,Now through 9/14/2024,Wing Luke Museum,Museums,International District,47.5982461,-122.3228705
315,2024 Apple Cup,9/14/2024,Lumen Field,Sports,Pioneer Square,47.5953459,-122.33164431196111
316,Festal: Sea Mar Fiestas Patrias,9/14/2024 through 9/15/2024,Seattle Center,Festivals & Special Events,Queen Anne / Seattle Center,47.621255,-122.34974101387942
317,Seattle Sounders FC vs. Sporting Kansas City,9/15/2024,Lumen Field,Sports,Pioneer Square,47.5953459,-122.33164431196111
318,Seattle Storm vs. Los Angeles Sparks,9/15/2024,Climate Pledge Arena,Sports,Queen Anne / Seattle Center,47.6219014,-122.353990491486
319,Seattle Storm vs. Las Vegas Aces,9/17/2024,Climate Pledge Arena,Sports,Queen Anne / Seattle Center,47.6219014,-122.353990491486
320,Seattle Sounders FC vs. San Jose Earthquakes,9/18/2024,Lumen Field,Sports,Pioneer Square,47.5953459,-122.33164431196111
321,Seatle Sounders FC vs. Houston Dynamo,9/28/2024,Lumen Field,Sports,Pioneer Square,47.5953459,-122.33164431196111
322,Festal: The Italian Festival,9/28/2024 through 9/29/2024,Seattle Center,Festivals & Special Events,Queen Anne / Seattle Center,47.621255,-122.34974101387942
323,Raul de Nieves,Now through 9/30/2024,Henry Art Gallery,Museums,University District,47.6565246,-122.31173279895636
324,Festal: Croatiafest,10/6/2024,Seattle Center,Festivals & Special Events,Queen Anne / Seattle Center,47.621255,-122.34974101387942
325,Festal: Turkfest,10/12/2024 through 10/13/2024,Seattle Center,Festivals & Special Events,Queen Anne / Seattle Center,47.621255,-122.34974101387942
326,Seattle Sounders FC vs. Portland Timbers,10/19/2024,Lumen Field,Sports,Pioneer Square,47.5953459,-122.33164431196111
327,Sebastian Maniscalco,10/25/2024,Climate Pledge Arena,Theatre,Queen Anne / Seattle Center,47.6219014,-122.353990491486
328,Frye Salon,Now through 10/27/2024,Frye Art Museum,Museums,Capitol Hill / Central District,47.60719095,-122.32405377084555
329,Festal: Dia de Muertos Festival Seattle,10/26/2024 through 10/27/2024,Seattle Center,Festivals & Special Events,Queen Anne / Seattle Center,47.621255,-122.34974101387942
330,Festal: Diwali – Lights of India,11/2/2024,Seattle Center,Festivals & Special Events,Queen Anne / Seattle Center,47.621255,-122.34974101387942
331,Festal: Seattle Hmong New Year,11/9/2024,Seattle Center,Festivals & Special Events,Queen Anne / Seattle Center,47.621255,-122.34974101387942
332,On Native Land: Landscapes from the Haub Family Collection,Now through 11/17/2024,Tacoma Art Museum,Museums,South,,
333,Joyce J. Scott: Walk a Mile in My Dreams,10/17/2024 through 1/20/2025,Seattle Art Museum,Museums,Downtown,47.6077008,-122.3385575
334,Washi Transformed New Expressions in Japanese Paper,Now through 4/26/2026,Bellevue Arts Museum,Museums,Bellevue / Eastside,,
335,Explore The Market,Ongoing,Pike Place Market,Festivals & Special Events,Downtown,47.60939675,-122.34141017673986
336,Olympic Sculpture Park,Ongoing,Olympic Sculpture Park,Visual Arts & Galleries,Downtown,47.6162378,-122.35431328817567
337,Infinite Worlds of Science Fiction,Ongoing,MoPOP Museum of Pop Culture,Museums,Queen Anne / Seattle Center,47.621493099999995,-122.34822527405619
338,"Wild Blue Angel: Hendrix Abroad, 1966-70",Ongoing,MoPOP Museum of Pop Culture,Museums,Queen Anne / Seattle Center,47.621493099999995,-122.34822527405619
339,John Grade: Middle Fork,Ongoing,Seattle Art Museum,Museums,Downtown,47.6077008,-122.3385575
340,Scared to Death: The Thrill of Horror Film,Ongoing,MoPOP Museum of Pop Culture,Museums,Queen Anne / Seattle Center,47.621493099999995,-122.34822527405619
341,Nirvana: Taking Punk To the Masses,Ongoing,MoPOP Museum of Pop Culture,Museums,Queen Anne / Seattle Center,47.621493099999995,-122.34822527405619
342,Vietnam Divided: War Above Southeast Asia,Ongoing,The Museum of Flight,Museums,South Seattle,,
343,Science Fiction and Fantasy Hall of Fame,Ongoing,MoPOP Museum of Pop Culture,Museums,Queen Anne / Seattle Center,47.621493099999995,-122.34822527405619
344,Cambodian Cultural Museum and Killing Fields Memorial,Ongoing,Wing Luke Museum,Museums,International District,47.5982461,-122.3228705
345,Honoring Our Journey,Ongoing,Wing Luke Museum,Museums,International District,47.5982461,-122.3228705
346,Spotlight on Dale Chihuly: Works from Museum of Glass Permanent Collection,Ongoing,Museum of Glass,Museums,South,,
347,Great Hall of Washington History,Ongoing,Washington State History Museum,Museums,South,47.6605211,-122.31156049949824
348,Humboldt Penguin Exhibit,Ongoing,Woodland Park Zoo,Museums,Wallingford / Greenlake,47.669143399999996,-122.35096188536495
349,Giant Pacific Octopus,Ongoing,Seattle Aquarium,Museums,Downtown,47.60762475,-122.34322017076866
350,Meet our Marine Mammals,Ongoing,Seattle Aquarium,Museums,Downtown,47.60762475,-122.34322017076866
351,Window on Washington Waters,Ongoing,Seattle Aquarium,Museums,Downtown,47.60762475,-122.34322017076866
352,Guitar Gallery,Ongoing,MoPOP Museum of Pop Culture,Museums,Queen Anne / Seattle Center,47.621493099999995,-122.34822527405619
353,Nordic Journeys,Ongoing,National Nordic Museum,Museums,Fremont / Ballard,47.668285600000004,-122.39177691452363
354,Baird’s beaked whale,Ongoing,Burke Museum,Museums,University District,47.6605211,-122.31156049949824
355,Amazing Life,Ongoing,Burke Museum,Museums,University District,47.6605211,-122.31156049949824
356,Culture is Living,Ongoing,Burke Museum,Museums,University District,47.6605211,-122.31156049949824
357,Fossils Uncovered,Ongoing,Burke Museum,Museums,University District,47.6605211,-122.31156049949824
358,Northwest Native Art,Ongoing,Burke Museum,Museums,University District,47.6605211,-122.31156049949824
359,Our Material World,Ongoing,Burke Museum,Museums,University District,47.6605211,-122.31156049949824
360,Apollo,Ongoing,The Museum of Flight,Museums,South Seattle,,
361,Art and Life Along the Northwest Coast,Ongoing,Seattle Art Museum,Museums,Downtown,47.6077008,-122.3385575
362,Washington: My Home,Ongoing,Washington State History Museum,Museums,South,47.6605211,-122.31156049949824
363,Sensory-Friendly Programs,Ongoing,MoPOP Museum of Pop Culture,Festivals & Special Events,Queen Anne / Seattle Center,47.621493099999995,-122.34822527405619
364,Dale Chihuly at Tacoma Art Museum,Ongoing,Tacoma Art Museum,Museums,South,,
365,Be/longing: Contemporary Asian Art,Ongoing,Seattle Asian Art Museum,Museums,Capitol Hill / Central District,47.63029565,-122.31413540328062
366,Porcelain Room,Ongoing,Seattle Art Museum,Museums,Downtown,47.6077008,-122.3385575
367,Life on the Edge,Ongoing,Seattle Aquarium,Museums,Downtown,47.60762475,-122.34322017076866
368,Tropical Pacific,Ongoing,Seattle Aquarium,Museums,Downtown,47.60762475,-122.34322017076866
369,Underwater Dome,Ongoing,Seattle Aquarium,Museums,Downtown,47.60762475,-122.34322017076866
370,Meet the Animals,Ongoing,Woodland Park Zoo,Museums,Wallingford / Greenlake,47.669143399999996,-122.35096188536495
371,Chihuly Garden and Glass,Ongoing,Chihuly Garden and Glass,Museums,Queen Anne / Seattle Center,47.6205296,-122.35020712496446
372,Discover Ancient Coast Salish Culture,Ongoing,Hibulb Cultural Center,Museums,North,,
373,Savor Seattle Signature Tour: Pike Place Market,Ongoing,Pike Place Market,Tours & Attractions,Downtown,47.60939675,-122.34141017673986
374,Untold Stories: World War II at 75,Ongoing,The Museum of Flight,Museums,South Seattle,,
375,Bezos Center for Innovation,Ongoing,Museum of History & Industry,Museums,Queen Anne / Seattle Center,47.6275114,-122.3367506
376,Maritime Seattle,Ongoing,Museum of History & Industry,Museums,Queen Anne / Seattle Center,47.6275114,-122.3367506
377,True Northwest: The Seattle Journey,Ongoing,Museum of History & Industry,Museums,Queen Anne / Seattle Center,47.6275114,-122.3367506
